id,author,dynasty
0,閻立本（傳）,唐
1,梁令瓚（傳）,汉至隋
2,顧愷之,汉至隋
3,李昭道,唐
4,盧楞伽,唐
5,吴道子,唐
6,閻立本,唐
7,展子虔,隋
8,韓幹,唐
9,韓滉,唐
10,陸曜,宋
11,周昉,唐
12,孫位,唐
13,戴嵩（傳）,唐
14,顧愷之（傳）,唐
15,韓幹（傳）,唐
16,李思訓（傳）,唐
17,李昭道（傳）,唐
18,盧鴻（傳）,唐
19,唐人,唐
20,王維（傳）,唐
21,韋偃,唐
22,周昉（傳）,唐
23,崔白,宋
24,董源,五代
25,顧閎中（傳）,宋
26,郭熙,宋
27,黄筌,五代
28,李公麟,宋
29,李公麟（傳）,宋
30,祁序,宋
31,阮郜,宋
32,王居正（傳）,宋
33,王詵,宋
34,衛賢,宋
35,燕肅,宋
36,張先,宋
37,趙昌（傳）,宋
38,周文矩,宋
39,周文矩（傳）,宋
40,李唐,宋
41,梁師閔,宋
42,劉履中,宋
43,米友仁,宋
44,王希孟,宋
45,張擇端,宋
46,趙佶,宋
47,趙士雷,宋
48,李迪,宋
49,李迪（傳）,宋
50,馬和之,宋
51,馬和之（傳）,宋
52,揚無咎,宋
53,陳居中,宋
54,李嵩,宋
55,梁楷,宋
56,林椿,宋
57,劉松年,宋
58,馬麟,宋
59,馬遠,宋
60,毛益（傳）,宋
61,牧溪,宋
62,夏珪,宋
63,張茂,宋
64,趙伯駒,宋
65,趙伯驌,宋
66,趙芾,宋
67,陳清波,宋
68,陳容,宋
69,何筌,宋
70,李東,宋
71,趙孟堅,宋
72,朱紹宗,宋
73,陳及之（傳）,五代
74,胡瓌,五代
75,胡瓌（傳）,五代
76,楊世昌,宋
77,張珪,宋
78,趙霖,宋
79,郭熙（傳）,宋
80,巨然（傳）,宋
81,文同（傳）,宋
82,吴炳,宋
83,艷艷女史,宋
84,朱□,宋
85,朱銳,宋
86,馬遠（傳）,宋
87,樸菴,宋
88,趙葵,宋
89,朱□□,宋
90,惠崇（傳）,宋
91,李成,宋
92,張激,宋
93,趙佶（傳）,宋
94,蕭照,宋
95,徐禹功,宋
96,楊微,金
97,趙大亨,宋
98,朱惟德,宋
99,范寬,宋
100,關仝,五代
101,郭忠恕,五代
102,荊浩,五代
103,巨然,五代
104,徐熙,五代
105,趙幹,唐
106,趙喦,五代
107,崔愨,宋
108,高克明,宋
109,許道寧,宋
110,黄居寀,宋
111,惠崇,宋
112,牟仲甫,宋
113,文同,宋
114,徐崇嗣,五代
115,燕文貴,宋
116,易元吉,宋
117,趙昌,宋
118,趙令穰,宋
119,馮大有,宋
120,高宗,宋
121,許迪,宋
122,江參,宋
123,李安忠,宋
124,韓祐,宋
125,賈師古,宋
126,蘇漢臣,宋
127,王定國,宋
128,衛昇,宋
129,閻次平,宋
130,法常,宋
131,范安仁,宋
132,李□,宋
133,牟益,宋
134,程梁,清
135,葉肖嚴,宋
136,李贊華,五代
137,武元直,宋
138,陳容（傳）,宋
139,金大受,宋
140,李氏,宋
141,梁楷（傳）,宋
142,蘿窗,宋
143,毛松（傳）,宋
144,石恪（傳）,宋
145,宋汝志（傳）,宋
146,王李本（傳）,宋
147,夏珪（傳）,宋
148,牧溪（傳）,宋
149,玉澗,宋
150,李堯夫（傳）,宋
151,陸信忠,宋
152,宫素然,宋
153,龔開,宋
154,郭忠恕（傳）,宋
155,胡舜臣,宋
156,易元吉（傳）,宋
157,鄭思肖,宋
158,李唐（傳）,宋
159,胡直夫（傳）,宋
160,陸仲澗（傳）,宋
161,李確,宋
162,門無關（傳）,宋
163,馬公顯（傳）,宋
164,普悦,宋
165,閻次平（傳）,宋
166,丁野夫（傳）,宋
167,蘇漢臣（傳）,宋
168,馬麟（傳）,宋
169,於子明,宋
170,李成（傳）,宋
171,徐祚,宋
172,直翁,宋
173,趙璚,宋
174,李安忠（傳）,宋
175,董源（傳）,五代
176,米友仁（傳）,宋
177,閻仲（傳）,宋
178,貫休（傳）,五代
179,楊婕妤,宋
180,張□,宋
181,王齊翰,五代
182,翟院深（傳）,宋
183,夏□,宋
184,范寬（傳）,宋
185,蘇軾（傳）,宋
186,魯宗貴,宋
187,周季常,宋
188,朱銳（傳）,宋
189,陳居中（傳）,宋
190,高燾,宋
191,李永,宋
192,夏森（傳）,宋
193,趙光輔（傳）,宋
194,屈鼎（傳）,宋
195,趙克夐（傳）,宋
196,金處士,宋
197,李結,宋
198,李嵩（傳）,宋
199,劉松年（傳）,宋
200,閻次于（傳）,宋
201,直翁（傳）,宋
202,喬仲常,宋
203,太古遺民,宋
204,王利用,宋
205,徐熙（傳）,宋
206,李山（宋）,宋
207,李山,清
208,閻次于,宋
209,巖叟,宋
210,李公年,宋
211,王洪,宋
212,劉寀（傳）,宋
213,燕囗盛（傳）,宋
214,林庭珪,宋
215,佚名（舊傳李唐）,宋
216,趙令穰（傳）（官網）,宋
217,佚名（舊傳晋顧愷之）,宋
218,馬賁（傳）,宋
219,佚名（舊傳唐王維）,唐
220,張思恭（傳）（官網）,宋
221,李早,宋
222,崔白（傳）,宋
223,馬逵,宋
224,高克恭,元
225,李衎,元
226,李衎等,元
227,錢選,元
228,趙孟頫,元
229,趙孟頫等,元
230,（傳）黄公望,元
231,曹知白,元
232,黄公望,元
233,李士行,元
234,陸行直,元
235,任仁發,元
236,商琦,元
237,王迪簡,元
238,王振鵬,元
239,吴鎮,元
240,顏輝,元
241,張遜,元
242,趙雍,元
243,方從義,元
244,顧安,元
245,胡廷暉,元
246,堅白子,元
247,九峰道人,元
248,柯九思,元
249,倪瓚,元
250,任賢佐,元
251,王立中,元
252,王蒙,元
253,王淵,元
254,趙雍等,元
255,周朗,元
256,朱德潤,元
257,朱玉,元
258,許震,元
259,馬琬,元
260,盛昌年,元
261,盛懋,元
262,吴致中,元
263,夏永,元
264,謝庭芝,元
265,姚廷美,元
266,臧祥卿,元
267,張觀等,元
268,趙元,元
269,陳琳,元
270,華祖立,元
271,李昭,元
272,錢選（傳）,元
273,李升,元
274,唐棣,元
275,王冕,元
276,張渥,元
277,顧園,元
278,金黼,元
279,陸廣,元
280,張遠,元
281,張中,元
282,邊魯,元
283,陳選,元
284,何澄,元
285,（傳）王蒙,元
286,劉秉謙,元
287,盛著,元
288,張舜咨,元
289,發僧,元
290,趙天裕等,元
291,張觀,元
292,釋本誠,元
293,高然暉（傳）,元
294,月壺（傳）,元
295,李衎（傳）,元
296,曹知白（款）,元
297,毛倫,元
298,檀芝瑞（傳）,元
299,王淵（款）,元
300,佚名（無住子贊）,元
301,蔡山,元
302,葛叔英,元
303,羅稚川,元
304,任仁發（傳）,元
305,孫君澤,元
306,孫君澤（傳）,元
307,顔輝（傳）,元
308,佚名（舊傳宋夏珪）,元
309,佚名（舊傳宋閻次平）,元
310,佚名（舊傳五代徐崇嗣）,元
311,佚名（米文贊希瑗書）,元
312,佚名（平石如砥等三人贊）,元
313,佚名（平石如砥贊）,元
314,因陀羅,元
315,因陀羅（傳）,元
316,王振鵬（傳）,元
317,謝弘道,元
318,佚名（舊傳孫君澤）,元
319,佚名（周鏡等七人贊）,元
320,雪窗,元
321,賴庵（傳）,元
322,錢選（款）,元
323,王淵（傳）,元
324,佚名（舊傳盛懋）,元
325,張思恭（傳）,元
326,陸仲淵,元
327,管道昇（傳）,元
328,佚名（舊傳唐戴嵩）,元
329,佚名（舊傳唐戴嶧）,元
330,佚名（舊傳宋馬遠）,宋
331,郭畀,元
332,唐棣（傳）,元
333,正悟,元
334,顧伯高,元
335,顧善之,元
336,佚名（“錢選”印）,元
337,鄭景賢,元
338,顏嶧（元）,元
339,顏嶧,清
340,佚名（舊傳宋陸信忠）,元
341,程棨（傳）,元
342,何澄（傳）,元
343,夏永（傳）,元
344,佚名（舊傳宋何充）,元
345,佚名（舊傳宋無準師範）,元
346,佚名（舊傳檀芝瑞）,元
347,佚名（舊傳唐曹元廓）,元
348,佚名（舊傳五代荆浩）,元
349,鄒復雷,元
350,劉貫道,元
351,張彥輔,元
352,班惟志,元
353,佚名（舊傳陳芝田）,元
354,佚名（舊傳錢選）,元
355,佚名（舊傳宋李瑋）,元
356,佚名（舊傳宋樓觀）,元
357,佚名（舊傳宋毛益）,元
358,佚名（舊傳宋戚仲）,元
359,佚名（舊傳唐張符）,元
360,佚名（舊傳温日觀）,元
361,佚名（舊傳顔輝）,元
362,佚名（舊傳趙孟頫）,元
363,周砥,元
364,陳汝言,元
365,劉善守,元
366,羅稚川（傳）,元
367,趙衷,元
368,鄧宇,元
369,顔庚,元
370,張羽,元
371,張羽材,元
372,趙麟,元
373,趙原,元
374,周東卿,元
375,佚名（舊傳唐衛憲）,元
376,李堯夫,元
377,吕敬甫（傳）,元
378,南莊鉏叟,元
379,吴伯理,元
380,王立本,元
381,謝楚芳,元
382,佚名（舊傳五代黄筌）,元
383,任伯温（傳）,元
384,盛懋（傳）,元
385,李溥光（款）,元
386,佚名（舊傳宋郭熙）,宋
387,劉元,元
388,佚名（舊傳宋顧亮）,元
389,鄭禧,元
390,孫旦,明
391,王諤,明
392,郭詡,明
393,李在,明
394,吕紀,明
395,朱端,明
396,韓秀實,明
397,邊楚善,明
398,林良,明
399,劉節,明
400,劉俊,明
401,沈希遠,明
402,鍾禮,明
403,周文靖,明
404,陶佾,明
405,蕭海山,明
406,月洲,明
407,趙褔,明
408,周全,明
409,吕文英,明
410,王世昌,明
411,邊景昭,明
412,石銳,明
413,趙麒,明
414,陳嘉選,明
415,胡聰,明
416,黄濟,明
417,計盛,明
418,繆輔,明
419,倪端,明
420,商喜,明
421,史文,明
422,孫隆,明
423,王臣,明
424,王仲玉,明
425,徐孟潛,明
426,朱見深,明
427,朱瞻基,明
428,朱佐,明
429,何浩,明
430,姚沾,明
431,紀鎮,明
432,謝環,明
433,殷善,明
434,胡鎮,清
435,殷宏,明
436,殷偕,明
437,周夢龍,明
438,安正文,明
439,管稚圭,明
440,徐貴,明
441,張錦,明
442,夏葵,明
443,金鉉,明
444,過儀,明
445,吕希文,明
446,王偕,明
447,吴偉,明
448,張翀,明
449,張路,明
450,朱邦,明
451,戴進,明
452,蔣嵩,明
453,王乾,明
454,汪肇,明
455,史忠,明
456,陶成,明
457,陳子和,明
458,杜堇,明
459,金湜,明
460,張路（傳）,明
461,韓旭,明
462,初陽,明
463,朱孔陽,明
464,吕棠,明
465,彭舜卿,明
466,沈碩,明
467,施雨,明
468,王履,明
469,徐霖,明
470,薛仁,明
471,葉澄,明
472,玉岡,明
473,鄭文林,明
474,周用,明
475,蔣乾,明
476,萬修,明
477,顏宗,明
478,葉雙石,明
479,淩必正,明
480,張鵬,明
481,馬軾,明
482,夏芷,明
483,陳粲,明
484,杜大成,明
485,季如泰,明
486,馬軾等,明
487,蔣貴,明
488,沈恢,明
489,夏厚,明
490,李麟,明
491,李儀,明
492,李著,明
493,盧朝陽,明
494,盧鎮,明
495,吴世恩,明
496,王舜國,明
497,郭汾涯,明
498,萬儀,明
499,姜隱,明
500,吕健,明
501,王儉,明
502,楊纘,明
503,朱約佶,明
504,王紱,明
505,宋克,明
506,陳宗淵,明
507,林垍,明
508,陳叔起,明
509,沈巽,元
510,徐賁,明
511,夏叔文,明
512,謝縉,明
513,夏㫤,明
514,丁文暹,明
515,樊暉,明
516,高鼎,明
517,黄希穀,明
518,張懋丞,明
519,姚綬,明
520,陳憲章,明
521,劉珏,明
522,杜瓊,明
523,吕端俊,明
524,王謙,明
525,戴浩,明
526,沈貞,明
527,金潤,明
528,沈周,明
529,文徵明,明
530,祝允明,明
531,王守,明
532,強存仁,明
533,唐寅,明
534,仇英,明
535,仇英（傳）,明
536,陳道復等,明
537,孫克弘等,明
538,陳祼,明
539,陳煥,明
540,盛茂燁,明
541,文嘉,明
542,謝時臣,明
543,袁尚統,明
544,張宏,明
545,周臣,明
546,侯懋功,明
547,居節,明
548,陸治,明
549,沈顥,明
550,文伯仁,明
551,周之冕,明
552,邵彌,明
553,錢榖,明
554,賴山陽,明
555,尤求,明
556,王穀祥,明
557,陸士仁,明
558,文俶,明
559,錢貢,明
560,孫艾,明
561,孫枝,明
562,文點,清
563,文元獻,明
564,文震亨,明
565,張靈,明
566,沈完,明
567,文從昌,明
568,周天球,明
569,杜冀龍,明
570,劉原起,明
571,文從簡,明
572,王綦,明
573,吴蘇臺,明
574,朱竺,明
575,文定,清
576,陸師道,明
577,談志伊,明
578,王寵,明
579,王維烈,明
580,朱朗,明
581,文彭,明
582,沈士鯁,明
583,盛茂焌,明
584,尤道垣,清
585,張元舉,明
586,陳道復,明
587,陳栝,明
588,韓世能,明
589,徐渭,明
590,董其昌,明
591,董其昌等,明
592,宋旭,明
593,顧正誼,明
594,莫是龍,明
595,孫克弘,明
596,陳繼儒,明
597,趙左,明
598,李流芳,明
599,宋懋晉,明
600,沈士充,明
601,程嘉燧,明
602,顧懿德,明
603,卞文瑜,明
604,常瑩,明
605,陳廉,明
606,吴振,明
607,葉有年,明
608,蔣藹,明
609,趙泂,明
610,藍瑛,明
611,藍孟,明
612,劉度,明
613,藍濤,明
614,藍深,清
615,藍濤等,明
616,吴達,清
617,洪都,清
618,馮仙湜,清
619,丁雲鵬,明
620,李士達,明
621,吴彬,明
622,崔子忠,明
623,米萬鐘,明
624,米漢雯,清
625,陳洪綬,明
626,陳字,明
627,夏英,清
628,陳洪綱,清
629,陸薪,明
630,魏湘,清
631,嚴湛,明
632,祝天裕,明
633,關思,明
634,項聖謨,明
635,項德新,明
636,項元汴,明
637,李日華,明
638,魯得之,明
639,孫杕,明
640,項奎,清
641,沈仕,明
642,楊節,明
643,祁豸佳,清
644,鄒之麟,明
645,吴偉業,明
646,傅山,清
647,倪元璐,明
648,王鐸,清
649,張瑞圖,明
650,楊文驄,明
651,張學曾,清
652,黄道周,明
653,王思任,明
654,傅眉,清
655,蔔舜年,明
656,曹羲,明
657,傅崟,明
658,胡皋,明
659,陸逵,明
660,馬守真,明
661,沈襄,明
662,譚玄,明
663,汪晟,明
664,汪中,明
665,姚允在,明
666,葉廣,明
667,詹景鳳,明
668,周吉士,明
669,顧善有,明
670,嶽岱,明
671,陳鐸,明
672,王琳,明
673,張維,明
674,可庵,明
675,孔貞運,明
676,阮祖德,明
677,徐敬,明
678,張祐,清
679,鄭重,明
680,李宗謨,明
681,陳賢,明
682,陳遠,明
683,戴子來,明
684,黄少溟,明
685,曾鯨,明
686,毛翀,明
687,陳元素,明
688,魏克,明
689,周翰,明
690,郝敬,明
691,李芳,明
692,林之蕃,明
693,劉世儒,明
694,倪榮,明
695,邵龍,明
696,盛琳,明
697,宋玨,明
698,孫啟,明
699,王翹,明
700,王聲,明
701,楊鉉,明
702,殷湜,明
703,欽式,明
704,俞奇逢,明
705,袁孟德,明
706,朱叔徵,明
707,朱瑛,明
708,仇譜,明
709,顧時啟,明
710,魯治,明
711,唐志契,明
712,朱之蕃,明
713,王鑑,清
714,朱國盛,明
715,朱士瑛,明
716,顧凝遠,明
717,盛胤昌,明
718,王應華,明
719,王允齡,明
720,王中立,明
721,宥立愛,明
722,王逢元,明
723,吴稚,明
724,朱琳,明
725,陳嘉言,明
726,殳執,明
727,陳謨,明
728,張成龍,明
729,李政,明
730,徐良,明
731,薛素素,明
732,陳表,明
733,劉塞翁,明
734,張裕,明
735,墨莊,明
736,南溪,明
737,詹仲和,明
738,趙珣,明
739,王建章,明
740,馮起震,明
741,利瑪竇,清
742,盛穎,明
743,王守謙,明
744,王子元,明
745,俞泰,明
746,趙焞夫,明
747,黄卷,明
748,朱增,明
749,杜大綬,明
750,高陽,明
751,胡宗仁,明
752,胡宗信,明
753,王維新,明
754,王問,明
755,鄒典,明
756,葉優之,明
757,張夢奎,明
758,陳英,明
759,吴侃,明
760,邢慈静,明
761,余世權,明
762,周之夔,明
763,紅白川,明
764,馬員,明
765,黄淳,明
766,楊忠,明
767,殷盤,明
768,趙岫,明
769,蔡世新,明
770,陳鶴,明
771,陳沂,明
772,蔣文藻,明
773,馬圖,明
774,邵誼,明
775,盛中,明
776,謝汝明,明
777,袁文可,明
778,趙備,明
779,周道行,明
780,姚貞,明
781,陳范,明
782,林雪,明
783,秦舜友,明
784,王贄,明
785,張復（字元春）,明
786,周鼐,明
787,周龍,明
788,王弁,明
789,陸複,明
790,鄭元勳,明
791,陳媯,明
792,陳震,明
793,陳遵,明
794,顧重,明
795,雷濬,明
796,孫兆麟,明
797,王戴仕,明
798,魏居敬,明
799,吴志伊,明
800,朱之士,明
801,張鳳儀,明
802,李華,明
803,徐士安,明
804,張習,明
805,朱多炡,明
806,陳丹衷,明
807,高南,明
808,墨溪,明
809,趙修祿,明
810,朱胤俊,明
811,吴道蘇,明
812,彭滋,明
813,萬國楨,明
814,鐘惺,明
815,朱鷺,明
816,顧□□,明
817,李辰,明
818,顧源,清
819,羅文瑞,明
820,沈龍,明
821,徐岱,明
822,葉大年,明
823,俞舜臣,明
824,朱樸,明
825,周綸,明
826,林尚古,明
827,邢志儒,明
828,語濱,明
829,佚名（舊傳宋李公麟）,明
830,佚名（唐寅款）,明
831,佚名（白玉蟾款）,明
832,佚名（邊景昭款）,元
833,佚名（方壺款）,明
834,佚名（舊傳戴進）,明
835,佚名（舊傳宋蘇漢臣）,元
836,佚名（宗泐贊）,明
837,佚名（□□□款）,明
838,佚名（杜貫道贊）,明
839,佚名（舊傳宋張擇端）,宋
840,佚名（用愚法師贊）,元
841,邊鸞（傳）,明
842,佚名（仇英款）,明
843,佚名（舊傳宋李迪）,明
844,佚名（舊傳宋趙令穰）,明
845,佚名（舊傳唐盧鴻）,明
846,佚名（舊傳唐閻立本）,明
847,佚名（舊傳五代周文矩）,明
848,佚名（舊傳元李衎）,明
849,佚名（舊傳元趙孟頫）,明
850,佚名（舊傳真慧）,宋
851,佚名（静庵款）,明
852,佚名（雲西道人款）,明
853,佚名（舊傳宋李唐）,宋
854,佚名（來復題）,明
855,佚名（楊士賢款）,明
856,佚名（趙孟頫款）,明
857,佚名（夏圭款）,明
858,佚名（邊鸞款）,明
859,佚名（曹元廓款）,明
860,佚名（劉松年款）,明
861,佚名（鍾師紹款）,明
862,佚名（黄筌款）,明
863,佚名（揭傒斯款）,明
864,佚名（張珪款）,明
865,佚名（舊傳宋王洽）,明
866,佚名（□禪款）,明
867,佚名（郭熙款）,明
868,佚名（蘇漢臣款）,明
869,佚名（宋徽宗款）,明
870,佚名（李迪款）,明
871,佚名（癡癡道人款）,明
872,佚名（柯九思款）,明
873,佚名（李唐款）,明
874,佚名（馬遠款）,明
875,佚名（松年款）,明
876,佚名（尉遲乙僧款）,明
877,佚名（夏㫤款）,明
878,佚名（欽□款）,明
879,佚名（朱德潤款）,明
880,佚名（舊傳宋黄居寀）,明
881,佚名（舊傳宋劉松年）,明
882,佚名（舊傳唐韓滉）,明
883,佚名（馬麟款）,明
884,佚名（錢選款）,明
885,佚名（徐熙款）,明
886,佚名（趙士雷款）,明
887,佚名（刁光胤款）,明
888,佚名（張雨款）,明
889,佚名（漢臣款）,明
890,佚名（舊傳宋夏圭）,明
891,佚名（邊武款）,明
892,佚名（趙令松款）,明
893,佚名（梁楷款）,明
894,佚名（野梅道人款）,明
895,沈周（款）,明
896,王紱（款）,明
897,文嘉（款）,明
898,沈周（傳）,明
899,董其昌（傳）,明
900,陸治（傳）,明
901,吕紀（傳）,明
902,吴偉（傳）,明
903,張紀（傳）,明
904,周臣（傳）,明
905,朱邦（傳）,明
906,文徵明（傳）,明
907,徐崇矩,明
908,姚綬（傳）,明
909,葉澄（傳）,明
910,佚名（傳）,宋
911,林椿（仿）,明
912,文徵明（仿）,明
913,佚名（王紱款）,明
914,沈周（仿）,明
915,文徵明（Copyof）,明
916,王時敏,清
917,王翬,清
918,王翬等,清
919,王翬師徒八人,清
920,上睿,清
921,楊晉,清
922,吴芷,清
923,唐俊,清
924,徐玫,清
925,蔡遠,清
926,王玖,清
927,王犖,清
928,虞沅,清
929,金聲,明
930,姚匡,清
931,顧昉,清
932,袁慰祖,清
933,方士庶,清
934,黄鼎,清
935,王原祁,清
936,秦祖永,清
937,王宸,清
938,王學浩,清
939,赫奕,清
940,黄均等,清
941,王昱,清
942,黄均,清
943,王三錫,清
944,崔鏏,清
945,王愫,清
946,華鯤,清
947,王敬銘,清
948,張洽,清
949,温儀,清
950,吴歷,清
951,吴歷等,清
952,惲壽平,清
953,惲向,清
954,惲壽平等,清
955,馬元馭,清
956,馬荃,清
957,唐炗,清
958,唐宇全,清
959,張偉,清
960,惲冰,清
961,畢涵,清
962,惲丙,清
963,惲源濬,清
964,範廷鎮,清
965,弘仁,清
966,石溪,清
967,八大山人,清
968,石濤,清
969,石濤（傳）,清
970,石乾,清
971,蕭雲從,明
972,韓鑄,清
973,周良,清
974,蕭一芸,清
975,查士標,清
976,程邃,清
977,戴本孝,清
978,江必名,明
979,江益,明
980,江注,清
981,孫逸,清
982,汪家珍,清
983,汪之瑞,清
984,吴定,清
985,吴龍,清
986,雪莊,清
987,楊明時,清
988,姚宋,清
989,鄭旼,清
990,鄭為虹,明
991,祝昌,清
992,李永昌,明
993,一智,清
994,戴思望,清
995,謝紹烈,清
996,梅清,清
997,半山,清
998,梅翀,清
999,梅庚,清
1000,梅喆,清
1001,梅蔚,清
1002,龔賢,清
1003,龔賢等,清
1004,陳卓,清
1005,樊圻,清
1006,樊沂,清
1007,方亨咸,清
1008,方以智,清
1009,高岑,清
1010,吴宏,清
1011,葉欣,清
1012,鄒喆,清
1013,程正揆,清
1014,朱翰之,明
1015,武丹,清
1016,張風,清
1017,顧眉,清
1018,柳堉,清
1019,樊圻等,清
1020,官銓,清
1021,柳遇,清
1022,吕潛,清
1023,王槩,清
1024,謝蓀,清
1025,朱睿【炇日】,清
1026,胡慥,清
1027,陳舒,清
1028,蔡澤,清
1029,周璕,清
1030,胡玉昆,清
1031,葉欣等,清
1032,高岑等,清
1033,龔柱,清
1034,王蓍,清
1035,謝成,清
1036,高鳳翰,清
1037,華喦,清
1038,黄慎,清
1039,金農,清
1040,李方膺,清
1041,李鱓,清
1042,羅聘,清
1043,汪士慎,清
1044,王素,清
1045,鄭燮,清
1046,汪廷儒,清
1047,閔貞,清
1048,徐澤,清
1049,陳撰,清
1050,高翔,清
1051,邊壽民,清
1052,張賜寧,清
1053,陳馥,清
1054,丁臬,清
1055,石莊,清
1056,朱鶴年,清
1057,倪璨,清
1058,朱本,清
1059,顧符稹,清
1060,袁江,清
1061,袁耀,清
1062,王雲,清
1063,李寅,清
1064,蕭晨,清
1065,顏嶽,清
1066,許儀,清
1067,戴熙,清
1068,黄易,清
1069,文鼎（鈴木敬）,清
1070,吴大澂,清
1071,江介,清
1072,錢松,清
1073,方薰,清
1074,李根,清
1075,趙之謙,清
1076,王楠,清
1077,萬承紀,清
1078,陳鴻壽,清
1079,奚岡,清
1080,褚文標,清
1081,黎簡,清
1082,李吉壽,清
1083,上官周,清
1084,孫三錫,清
1085,王玉璋,清
1086,楊振昆,清
1087,張槃,清
1088,濮森,清
1089,張士保,清
1090,伊秉綬,清
1091,奚岡等,清
1092,張祥河,清
1093,管希寧,清
1094,徐堅,清
1095,朱文震,清
1096,丁元公,清
1097,吴東發,清
1098,趙之琛等,清
1099,周顥,清
1100,吴熙載,清
1101,文掞,清
1102,程庭鷺,清
1103,馬咸,清
1104,孟覲乙,清
1105,錢泳,清
1106,姚元之,清
1107,巴慰祖,清
1108,黄士陵,清
1109,釋達受,清
1110,屠倬,清
1111,翁同龢,清
1112,趙魏,清
1113,吴昌碩,清
1114,任薰,清
1115,任頤,清
1116,酈馥,清
1117,任淇,清
1118,任熊,清
1119,沙馥,清
1120,任預,清
1121,吴穀祥,清
1122,王震,清
1123,任預（頤）,清
1124,虚谷,清
1125,費丹旭,清
1126,費以耕,清
1127,吴慶雲,清
1128,張熊,清
1129,周閑,清
1130,朱偁,清
1131,倪田,清
1132,蒲華,清
1133,陸恢,清
1134,顧澐,清
1135,胡錫珪,清
1136,胡遠,清
1137,何煜,清
1138,沈心海,清
1139,黄山壽,清
1140,吴石仙,清
1141,錢慧安,清
1142,高邕,清
1143,王禮,清
1144,吴嘉猷,清
1145,吴滔,清
1146,吴徵,清
1147,蔣溥,清
1148,蔣廷錫,清
1149,吴桂,清
1150,郎世寧,清
1151,錢維城,清
1152,清院畫,清
1153,唐岱,清
1154,董邦達,清
1155,冷枚,清
1156,李世倬,清
1157,禹之鼎,清
1158,余省,清
1159,弘曆,清
1160,張若靄,清
1161,鄒一桂,清
1162,金廷標,清
1163,徐揚,清
1164,張宗蒼,清
1165,陳枚,清
1166,丁觀鵬,清
1167,艾啟蒙,清
1168,馮寧,清
1169,關槐,清
1170,賀清泰,清
1171,賈全,清
1172,焦秉貞,清
1173,冷銓,清
1174,李秉德,清
1175,孫祜,清
1176,汪承霈,清
1177,王幼學,清
1178,王致誠,清
1179,姚文瀚,清
1180,永瑢,清
1181,允禧,清
1182,張愷,清
1183,張為邦,清
1184,方琮,清
1185,勵宗萬,清
1186,沈宗敬,清
1187,顧見龍,清
1188,黄鉞,清
1189,清世祖,清
1190,孟永光,清
1191,孟永光（傳）,清
1192,黄應谌,清
1193,沈振麟,清
1194,蔣廷錫等,清
1195,錢載,清
1196,董誥,清
1197,黎明,清
1198,馬逸,清
1199,程志道,清
1200,張鎬,清
1201,張雨森,清
1202,弘旿,清
1203,永瑆,清
1204,鄒元鬥,清
1205,高層雲,清
1206,董邦達等,清
1207,楊大章,清
1208,張若澄,清
1209,劉源,清
1210,張（強）國忠,清
1211,高其佩,清
1212,沈銓,清
1213,蘇六朋,清
1214,甘士調,清
1215,張問陶,清
1216,羅清,清
1217,薛漁,清
1218,趙成穆,清
1219,周巘南,清
1220,蘇廷煜,清
1221,張敔,清
1222,朱倫瀚,清
1223,崇善,清
1224,杜鳌,清
1225,傅雯,清
1226,黄骍,清
1227,劉錫玲,清
1228,蕭景雲,清
1229,嚴鈺,清
1230,劉期侃,清
1231,朱孝純,清
1232,萬上遴,清
1233,陳一章,清
1234,孫為,清
1235,顧升,清
1236,蔡嘉,清
1237,羅牧,清
1238,潘恭壽,清
1239,笪重光,清
1240,張崟,清
1241,潘思牧,清
1242,周鎬,清
1243,沈宋,清
1244,胡湄,清
1245,顧鶴慶,清
1246,童衡,清
1247,程言,清
1248,戴明說,清
1249,方維儀,清
1250,馮湜,清
1251,高簡,清
1252,黄瑚,清
1253,黄瑩,清
1254,李慶,清
1255,薩克達氏,清
1256,童塏,清
1257,汪恭,清
1258,王潤,清
1259,吴俊,清
1260,徐枋,清
1261,姚文燮,清
1262,尤萃,清
1263,朱佳會,清
1264,吕煥成,清
1265,蔣予檢,清
1266,上官惠,清
1267,深度,明
1268,沈蒼,清
1269,王巘,清
1270,張緒昆,清
1271,周棠,清
1272,朱昂之,清
1273,普荷,清
1274,錢杜,清
1275,王荦,清
1276,諸升,清
1277,陳道,清
1278,許永,清
1279,李修易,清
1280,沈宗騫,清
1281,孫原湘,清
1282,湯世澍,清
1283,王武,清
1284,楊昌緒,清
1285,孫億,清
1286,毛奇齡,清
1287,法若真,清
1288,吕學,清
1289,禹秉彝,清
1290,周銓,清
1291,侯遠,清
1292,張照,清
1293,卞永譽,清
1294,改琦,清
1295,顧洛,清
1296,柳如是,清
1297,湯貽汾,清
1298,吴東槐,清
1299,周凱,清
1300,宗鋐,清
1301,姜泓,清
1302,劉彥沖,清
1303,沈時,清
1304,萬嵐,清
1305,吴麐,清
1306,吴應貞,清
1307,徐鎬,清
1308,徐釚,清
1309,徐璋,清
1310,朱英,清
1311,曹有光,清
1312,超揆,清
1313,遲煓,清
1314,範纘,清
1315,馮佐,清
1316,高儼,清
1317,顧大申,清
1318,居巢,清
1319,居廉,清
1320,李因,清
1321,陸遠,清
1322,譚岵,清
1323,嚴茂恩,清
1324,葉雨,清
1325,章穀,清
1326,章聲,清
1327,張穆,清
1328,周笠,清
1329,包棟,清
1330,何園客,清
1331,李熙垣,清
1332,羅辰,清
1333,王撰,清
1334,吴求,清
1335,張煒,清
1336,陳岷,清
1337,陳書,清
1338,華冠,清
1339,蔣季錫,清
1340,康濤,清
1341,劉焜,清
1342,沈雒,清
1343,蘇仁山,清
1344,薛珩,清
1345,薛懷,清
1346,張經,清
1347,陳鑅,清
1348,蔣偉,清
1349,居慶,清
1350,雪翁,清
1351,黄向堅,清
1352,駿業（宋駿業）,清
1353,孔毓坼,清
1354,陸沅,清
1355,丘嶽,清
1356,阮年,清
1357,余集,清
1358,張世準,清
1359,張綏,清
1360,朱華,清
1361,陳嘉樂,清
1362,金侃,清
1363,方伸,清
1364,王崇節,清
1365,李巒,清
1366,李世佐,清
1367,蘇宜,清
1368,葉道本,清
1369,馬敬思,清
1370,萬壽祺,清
1371,梁亨,清
1372,武進功,清
1373,翟大坤,清
1374,張培敦,清
1375,孫師昌,清
1376,程在嶸,清
1377,勞徵,清
1378,馬負圖,清
1379,宋天麐,清
1380,吴楙,清
1381,張伯龍,清
1382,張昉,清
1383,張庚,清
1384,朱時翔,清
1385,李藩,清
1386,王璐卿,清
1387,陸承宗,清
1388,章采,清
1389,王文治,清
1390,範利仁,清
1391,郜璉,清
1392,顧原,清
1393,華浚,清
1394,江鼎,清
1395,金俊明,清
1396,王蔭昌,清
1397,薛宣,清
1398,葉薈雲,清
1399,張兆祥,清
1400,趙帆,清
1401,馬賢,清
1402,張恂,清
1403,王式,清
1404,陳農,清
1405,孔繼榮,清
1406,湯光啟,清
1407,張篤行,清
1408,張尚思,清
1409,莊冏生,清
1410,鮑楷,清
1411,查繼佐,清
1412,程蘿,清
1413,丁克揆,清
1414,顧樵,清
1415,姜實節,清
1416,蔣和,清
1417,金玥,清
1418,倪耘,清
1419,牛石慧,清
1420,錢灃,清
1421,錢維喬,清
1422,童原,清
1423,吴彥國,清
1424,吴鼒,清
1425,謝淞洲,清
1426,徐岡,清
1427,尤紹,清
1428,俞培,清
1429,魯集,清
1430,陸㬙,清
1431,史顏節,清
1432,汪進,清
1433,大汕,清
1434,毛際可,清
1435,山疇,清
1436,朱嵩,清
1437,顧復初,清
1438,侯建,清
1439,楊補,清
1440,毛上炱,清
1441,張儼,清
1442,戴應宏,清
1443,吕琮,清
1444,方大猷,清
1445,王方岳,清
1446,周洽,清
1447,陳铣,清
1448,董棨,清
1449,翁雒,清
1450,吴玖,清
1451,朱照,清
1452,姜壎,清
1453,嚴繩孫,清
1454,翟繼昌,清
1455,王廷綬,清
1456,張於栻,清
1457,茅麐,清
1458,鈕學,清
1459,張同,清
1460,祖自弘,清
1461,冒襄,清
1462,尤英,清
1463,胡九思,清
1464,胡璞,清
1465,黄吕,清
1466,羅日琮,清
1467,饒璟,清
1468,汪漢,清
1469,二十四家,清
1470,幾穀,清
1471,徐時顯,清
1472,顧文淵,清
1473,查士標（款）,清
1474,高鳳翰（傳）,清
1475,黄慎（款）,清
1476,王原祁（款）,清
1477,吴元瑜（傳）,清
1478,龔賢（傳）,清
1479,沈銓（傳）,清
1480,吴歷（傳）,清
1481,董邦達（傳）（官網）,清
1482,金廷標（傳）,清
1483,石濤（傳）王蒙（傳）,清
1484,王翬（傳）,清
1485,王翬（仿）,清
1486,王原祁（傳）,清
1487,佚名（仿王詵）,清
1488,佚名（仿趙佶）,清
1489,米芾（傳）,宋
1490,李從訓,宋
1491,張嗣成,元
1492,趙蒼雲,元
1493,夏永岳,元
1494,夏永（仿）,清
1495,郭忠恕（仿）,元
1496,钱选,元
1497,温日觀,元
1498,楊修（魏）,汉至隋
1499,王繹,元
1500,陶鉉,元
1501,張雨,元
1502,王曉,宋
1503,雪界翁,元
1504,王醴,明
1505,周蕃,明
1506,張翮,明
1507,王峻,明
1508,明旭,明
1509,朱質,明
1510,陳思,明
1511,馮儼,明
1512,吴焯,清
1513,陸原,清
1514,吴振等,明
1515,囗澧,明
1516,朱穉微,明
1517,曹嶽,清
1518,姜廷幹,清
1519,郭鼎京,清
1520,方宗塤,清
1521,Yu Ruoying,明
1522,施霖,清
1523,祁鴻孫,明
1524,白漢,明
1525,陳虞胤,明
1526,胡淨鬘,明
1527,李畹生,明
1528,徐易,明
1529,葉士梓,明
1530,王樹穀,明
1531,華嵒,明
1532,項聖謨（图目）,清
1533,謝彬,明
1534,林允俊,明
1535,貞明,明
1536,錢旭,明
1537,吴山濤,清
1538,莊冋生,清
1539,陳掖臣,清
1540,翁昇,清
1541,吕雲葆,清
1542,徐泰,明
1543,魏之璜,明
1544,殳君素,明
1545,汪建,明
1546,劉邁,明
1547,曹熙志,明
1548,顧在湄,清
1549,黄深,清
1550,黄子陽,清
1551,張一鵠,清
1552,黄□,清
1553,陳薖,清
1554,黄章,清
1555,欽揖,清
1556,顧章,清
1557,上震,清
1558,歸藏,清
1559,張適,清
1560,吴娟娟,明
1561,王賓儒,明
1562,陳範,明
1563,（出版）佚名,明
1564,佚名（李迪款）（出版）,明
1565,唐寅 周文矩款（傳）,明
1566,佚名（周文矩款）（出版）,明
1567,陳基,清
1568,佚名（馬遠款）（出版）,明
1569,宋旭（傳）（官網）,明
1570,王蒙（傳）（鈴木敬）,明
1571,丁野夫（鈴木敬）,元
1572,佚名（官網）,元
1573,沈堅,清
1574,孔衍,清
1575,鄭淮,清
1576,楊豹,清
1577,馬昂,清
1578,于琰,清
1579,劉石齡,清
1580,宋駿業,清
1581,方孝維,清
1582,周茲,清
1583,顧士琦,清
1584,顧卓,清
1585,許容,清
1586,張振岳,清
1587,王永,清
1588,李堅,清
1589,鄧煐,清
1590,錢珍,清
1591,黄衛,清
1592,馮纕,清
1593,許佑,清
1594,袁浦,清
1595,蔣于京,清
1596,屺景亭,清
1597,徐溶,清
1598,顧政,清
1599,華胥,清
1600,石溪（出版）,清
1601,王岵孫,清
1602,王麟孫,清
1603,葉芳林,清
1604,唐宇昭,清
1605,陸燦,清
1606,薛疇,清
1607,惲蘭溪,清
1608,汪度,明
1609,劉上延,明
1610,石溪等,清
1611,海靖,清
1612,楊廷,清
1613,高遇,清
1614,石城大雲,清
1615,石溪等（出版）,清
1616,適道人（款文）,清
1617,應耨（印文）,清
1618,黄安平,清
1619,“又乾”,清
1620,易理,清
1621,霜曉,清
1622,蔣驥,清
1623,嵩南,清
1624,蔣恒,清
1625,趙子泗,清
1626,王斌,清
1627,崔瑶,清
1628,罗牧,清
1629,弘修,清
1630,张穉,清
1631,唐允甲,清
1632,王概,清
1633,汪士鈜,清
1634,程元愈,清
1635,“老田”,清
1636,沈泌,清
1637,吴肅公,清
1638,吴瞻泰,清
1639,史爾祉,清
1640,遁休,清
1641,江遠,清
1642,朱陵,清
1643,夏官,清
1644,志完,清
1645,梅琢,清
1646,太宗（印文）,清
1647,大振,清
1648,紀映鍾,清
1649,張遺,清
1650,胡士昆,清
1651,向陽,清
1652,陸瑜,清
1653,樊雲,清
1654,鄒壽坤,清
1655,劉超,清
1656,王着,清
1657,顧惺,清
1658,官銓等,清
1659,曹溪,清
1660,宗言,清
1661,劉琳,清
1662,巨來,清
1663,虞蟾,清
1664,李璿,清
1665,沈瑜,清
1666,方婉儀,清
1667,張耒,清
1668,劉彥沖合作,清
1669,尤詔,清
1670,王州元,清
1671,石延輝,清
1672,屠暶,清
1673,何恬,清
1674,伊大麓,清
1675,吴九思,清
1676,朱文景,清
1677,高樹程,清
1678,余鍔,清
1679,陳豫鍾,清
1680,胡公壽,清
1681,費以群,清
1682,李仙根,清
1683,尹沅,清
1684,胡璋,清
1685,孫祐,清
1686,沈源,清
1687,屈兆麟,清
1688,伍葆恒等,清
1689,郭琦,清
1690,蔡含,清
1691,吴允楷,清
1692,馮箕,清
1693,李象豐,清
1694,英遇,清
1695,唐郁文,清
1696,古毫,清
1697,陳滕桂,清
1698,王無忝,清
1699,陳星,清
1700,陳衡,清
1701,章谷,清
1702,吕焕成,清
1703,顧仲清,清
1704,徐令,清
1705,涂洛,清
1706,張琦,明
1707,翁方綱,清
1708,江磊齋,清
1709,張英,清
1710,陳山人,清
1711,徐寶篆,清
1712,章曰能,清
1713,徐邦,清
1714,施洽,清
1715,陳樸,清
1716,滕芳,清
1717,汪質,清
1718,曹灝,清
1719,徐來,清
1720,戴□,清
1721,朱珏,清
1722,蔣芳,清
1723,吴攸,清
1724,柴貞儀,清
1725,柴静儀,清
1726,李公麟（鈴木敬）,宋
1727,張芳寂（傳）,元
1728,張芳寂（鈴木敬）,元
1729,趙庸,元
1730,趙雍（鈴木敬）,元
1731,陳永價,清
